[
  {
    "_id": "d47421c0-bfd5-11e8-8858-bbc566841533",
    "_type": "visualization",
    "_source": {
      "title": "Activity [twinttweets]",
      "visState": "{\"title\":\"Activity [twinttweets]\",\"type\":\"histogram\",\"params\":{\"type\":\"histogram\",\"grid\":{\"categoryLines\":true,\"style\":{\"color\":\"#eee\"},\"valueAxis\":\"ValueAxis-1\"},\"categoryAxes\":[{\"id\":\"CategoryAxis-1\",\"type\":\"category\",\"position\":\"bottom\",\"show\":true,\"style\":{},\"scale\":{\"type\":\"linear\"},\"labels\":{\"show\":true,\"truncate\":100},\"title\":{}}],\"valueAxes\":[{\"id\":\"ValueAxis-1\",\"name\":\"LeftAxis-1\",\"type\":\"value\",\"position\":\"left\",\"show\":true,\"style\":{},\"scale\":{\"type\":\"linear\",\"mode\":\"normal\"},\"labels\":{\"show\":true,\"rotate\":0,\"filter\":false,\"truncate\":100},\"title\":{\"text\":\"Tweets\"}}],\"seriesParams\":[{\"show\":\"true\",\"type\":\"area\",\"mode\":\"stacked\",\"data\":{\"label\":\"Tweets\",\"id\":\"1\"},\"valueAxis\":\"ValueAxis-1\",\"drawLinesBetweenPoints\":true,\"showCircles\":true,\"interpolate\":\"cardinal\"}],\"addTooltip\":true,\"addLegend\":true,\"legendPosition\":\"right\",\"times\":[],\"addTimeMarker\":true},\"aggs\":[{\"id\":\"1\",\"enabled\":true,\"type\":\"count\",\"schema\":\"metric\",\"params\":{\"customLabel\":\"Tweets\"}},{\"id\":\"2\",\"enabled\":true,\"type\":\"date_histogram\",\"schema\":\"segment\",\"params\":{\"field\":\"date\",\"interval\":\"auto\",\"customInterval\":\"2h\",\"min_doc_count\":1,\"extended_bounds\":{},\"customLabel\":\"Days\"}},{\"id\":\"3\",\"enabled\":true,\"type\":\"terms\",\"schema\":\"group\",\"params\":{\"field\":\"user_id\",\"size\":5,\"order\":\"desc\",\"orderBy\":\"1\",\"otherBucket\":false,\"otherBucketLabel\":\"Other\",\"missingBucket\":false,\"missingBucketLabel\":\"Missing\",\"customLabel\":\"User ids\"}}]}",
      "uiStateJSON": "{}",
      "description": "",
      "version": 1,
      "kibanaSavedObjectMeta": {
        "searchSourceJSON": "{\"index\":\"755f4660-bfee-11e8-9911-5b8e1e9c87c6\",\"query\":{\"query\":\"NOT _exists_:likes NOT _exists_:retweets NOT _exists_:replies\",\"language\":\"lucene\"},\"filter\":[]}"
      }
    }
  },
  {
    "_id": "e2b89640-bfd4-11e8-8858-bbc566841533",
    "_type": "visualization",
    "_source": {
      "title": "Activity - pie [twinttweets]",
      "visState": "{\"aggs\":[{\"enabled\":true,\"id\":\"1\",\"params\":{},\"schema\":\"metric\",\"type\":\"count\"},{\"enabled\":true,\"id\":\"2\",\"params\":{\"field\":\"user_id\",\"missingBucket\":false,\"missingBucketLabel\":\"Missing\",\"order\":\"desc\",\"orderBy\":\"1\",\"otherBucket\":false,\"otherBucketLabel\":\"Other\",\"size\":5},\"schema\":\"segment\",\"type\":\"terms\"}],\"params\":{\"addLegend\":true,\"addTooltip\":true,\"isDonut\":true,\"labels\":{\"last_level\":true,\"show\":false,\"truncate\":100,\"values\":true},\"legendPosition\":\"right\",\"type\":\"pie\"},\"title\":\"Activity - pie [twinttweets]\",\"type\":\"pie\"}",
      "uiStateJSON": "{}",
      "description": "",
      "version": 1,
      "kibanaSavedObjectMeta": {
        "searchSourceJSON": "{\"index\":\"755f4660-bfee-11e8-9911-5b8e1e9c87c6\",\"query\":{\"language\":\"lucene\",\"query\":\"NOT _exists_:likes NOT _exists_:retweets NOT _exists_:replies\"},\"filter\":[]}"
      }
    }
  },
  {
    "_id": "37cd72e0-bfe4-11e8-961a-d371b24d5d1d",
    "_type": "visualization",
    "_source": {
      "title": "Tweets Count [twinttweet]",
      "visState": "{\"title\":\"Tweets Count [twinttweet]\",\"type\":\"metric\",\"params\":{\"addTooltip\":true,\"addLegend\":false,\"type\":\"metric\",\"metric\":{\"percentageMode\":false,\"useRanges\":false,\"colorSchema\":\"Green to Red\",\"metricColorMode\":\"None\",\"colorsRange\":[{\"from\":0,\"to\":10000}],\"labels\":{\"show\":true},\"invertColors\":false,\"style\":{\"bgFill\":\"#000\",\"bgColor\":false,\"labelColor\":false,\"subText\":\"\",\"fontSize\":33}}},\"aggs\":[{\"id\":\"1\",\"enabled\":true,\"type\":\"count\",\"schema\":\"metric\",\"params\":{\"customLabel\":\"Tweets\"}}]}",
      "uiStateJSON": "{}",
      "description": "",
      "version": 1,
      "kibanaSavedObjectMeta": {
        "searchSourceJSON": "{\"index\":\"755f4660-bfee-11e8-9911-5b8e1e9c87c6\",\"query\":{\"language\":\"lucene\",\"query\":\"NOT _exists_:likes NOT _exists_:retweets NOT _exists_:replies\"},\"filter\":[]}"
      }
    }
  },
  {
    "_id": "149ecbc0-bfe4-11e8-961a-d371b24d5d1d",
    "_type": "visualization",
    "_source": {
      "title": "Word Cloud [twinttweets]",
      "visState": "{\"title\":\"Word Cloud [twinttweets]\",\"type\":\"tagcloud\",\"params\":{\"scale\":\"linear\",\"orientation\":\"single\",\"minFontSize\":10,\"maxFontSize\":50,\"showLabel\":false},\"aggs\":[{\"id\":\"1\",\"enabled\":true,\"type\":\"count\",\"schema\":\"metric\",\"params\":{}},{\"id\":\"2\",\"enabled\":true,\"type\":\"terms\",\"schema\":\"segment\",\"params\":{\"field\":\"username\",\"otherBucket\":false,\"otherBucketLabel\":\"Other\",\"missingBucket\":false,\"missingBucketLabel\":\"Missing\",\"size\":10,\"order\":\"desc\",\"orderBy\":\"1\"}}]}",
      "uiStateJSON": "{}",
      "description": "",
      "version": 1,
      "kibanaSavedObjectMeta": {
        "searchSourceJSON": "{\"index\":\"755f4660-bfee-11e8-9911-5b8e1e9c87c6\",\"query\":{\"query\":\"NOT _exists_:likes NOT _exists_:retweets NOT _exists_:replies\",\"language\":\"lucene\"},\"filter\":[]}"
      }
    }
  },
  {
    "_id": "a8d3ee70-bfd9-11e8-8858-bbc566841533",
    "_type": "visualization",
    "_source": {
      "title": "Day-activity [twinttweet]",
      "visState": "{\"title\":\"Day-activity [twinttweet]\",\"type\":\"histogram\",\"params\":{\"addLegend\":true,\"addTimeMarker\":false,\"addTooltip\":true,\"categoryAxes\":[{\"id\":\"CategoryAxis-1\",\"labels\":{\"show\":true,\"truncate\":100,\"rotate\":0},\"position\":\"bottom\",\"scale\":{\"type\":\"linear\"},\"show\":true,\"style\":{},\"title\":{},\"type\":\"category\"}],\"grid\":{\"categoryLines\":true,\"style\":{\"color\":\"#eee\"},\"valueAxis\":\"ValueAxis-3\"},\"legendPosition\":\"right\",\"orderBucketsBySum\":false,\"seriesParams\":[{\"data\":{\"id\":\"1\",\"label\":\"Tweets\"},\"drawLinesBetweenPoints\":true,\"mode\":\"normal\",\"show\":\"true\",\"showCircles\":true,\"type\":\"histogram\",\"valueAxis\":\"ValueAxis-3\"}],\"times\":[],\"type\":\"histogram\",\"valueAxes\":[{\"id\":\"ValueAxis-3\",\"labels\":{\"filter\":false,\"rotate\":0,\"show\":true,\"truncate\":100},\"name\":\"LeftAxis-1\",\"position\":\"left\",\"scale\":{\"mode\":\"normal\",\"type\":\"linear\"},\"show\":true,\"style\":{},\"title\":{\"text\":\"Tweets\"},\"type\":\"value\"}]},\"aggs\":[{\"id\":\"1\",\"enabled\":true,\"type\":\"count\",\"schema\":\"metric\",\"params\":{\"customLabel\":\"Tweets\"}},{\"id\":\"2\",\"enabled\":true,\"type\":\"histogram\",\"schema\":\"segment\",\"params\":{\"field\":\"hour\",\"interval\":1,\"min_doc_count\":true,\"extended_bounds\":{\"min\":0,\"max\":23}}},{\"id\":\"3\",\"enabled\":true,\"type\":\"terms\",\"schema\":\"group\",\"params\":{\"field\":\"user_id\",\"otherBucket\":false,\"otherBucketLabel\":\"Other\",\"missingBucket\":false,\"missingBucketLabel\":\"Missing\",\"size\":10,\"order\":\"asc\",\"orderBy\":\"_term\",\"customLabel\":\"\"}}]}",
      "uiStateJSON": "{\"vis\":{\"legendOpen\":true}}",
      "description": "",
      "version": 1,
      "kibanaSavedObjectMeta": {
        "searchSourceJSON": "{\"index\":\"755f4660-bfee-11e8-9911-5b8e1e9c87c6\",\"query\":{\"language\":\"lucene\",\"query\":\"NOT _exists_:likes NOT _exists_:retweets NOT _exists_:replies\"},\"filter\":[]}"
      }
    }
  },
  {
    "_id": "8a8bb420-bfd9-11e8-8858-bbc566841533",
    "_type": "visualization",
    "_source": {
      "title": "Week-activity [twinttweet]",
      "visState": "{\"title\":\"Week-activity [twinttweet]\",\"type\":\"histogram\",\"params\":{\"type\":\"histogram\",\"grid\":{\"categoryLines\":true,\"style\":{\"color\":\"#eee\"},\"valueAxis\":\"ValueAxis-1\"},\"categoryAxes\":[{\"id\":\"CategoryAxis-1\",\"type\":\"category\",\"position\":\"bottom\",\"show\":true,\"style\":{},\"scale\":{\"type\":\"linear\"},\"labels\":{\"show\":true,\"truncate\":100,\"rotate\":0},\"title\":{}}],\"valueAxes\":[{\"id\":\"ValueAxis-1\",\"name\":\"LeftAxis-1\",\"type\":\"value\",\"position\":\"left\",\"show\":true,\"style\":{},\"scale\":{\"type\":\"linear\",\"mode\":\"normal\"},\"labels\":{\"show\":true,\"rotate\":0,\"filter\":false,\"truncate\":100},\"title\":{\"text\":\"Tweets\"}}],\"seriesParams\":[{\"show\":\"true\",\"type\":\"histogram\",\"mode\":\"normal\",\"data\":{\"label\":\"Tweets\",\"id\":\"1\"},\"valueAxis\":\"ValueAxis-1\",\"drawLinesBetweenPoints\":true,\"showCircles\":true}],\"addTooltip\":true,\"addLegend\":true,\"legendPosition\":\"right\",\"times\":[],\"addTimeMarker\":false},\"aggs\":[{\"id\":\"1\",\"enabled\":true,\"type\":\"count\",\"schema\":\"metric\",\"params\":{\"customLabel\":\"Tweets\"}},{\"id\":\"2\",\"enabled\":true,\"type\":\"histogram\",\"schema\":\"segment\",\"params\":{\"field\":\"day\",\"interval\":1,\"min_doc_count\":true,\"extended_bounds\":{},\"customLabel\":\"Days of the week\"}},{\"id\":\"3\",\"enabled\":true,\"type\":\"terms\",\"schema\":\"group\",\"params\":{\"field\":\"user_id\",\"otherBucket\":false,\"otherBucketLabel\":\"Other\",\"missingBucket\":false,\"missingBucketLabel\":\"Missing\",\"size\":10,\"order\":\"desc\",\"orderBy\":\"1\",\"customLabel\":\"\"}}]}",
      "uiStateJSON": "{}",
      "description": "",
      "version": 1,
      "kibanaSavedObjectMeta": {
        "searchSourceJSON": "{\"index\":\"755f4660-bfee-11e8-9911-5b8e1e9c87c6\",\"query\":{\"query\":\"NOT _exists_:likes NOT _exists_:retweets NOT _exists_:replies\",\"language\":\"lucene\"},\"filter\":[]}"
      }
    }
  },
  {
    "_id": "b45ec590-c267-11e8-bcd4-3956fe930db7",
    "_type": "visualization",
    "_source": {
      "title": "Heat-map [twinttweets]",
      "visState": "{\"title\":\"Heat-map [twinttweets]\",\"type\":\"heatmap\",\"params\":{\"type\":\"heatmap\",\"addTooltip\":true,\"addLegend\":true,\"enableHover\":true,\"legendPosition\":\"right\",\"times\":[],\"colorsNumber\":10,\"colorSchema\":\"Reds\",\"setColorRange\":false,\"colorsRange\":[{\"from\":0,\"to\":10},{\"from\":10,\"to\":100},{\"from\":100,\"to\":200},{\"from\":200,\"to\":500},{\"from\":500,\"to\":1000},{\"from\":1000,\"to\":2000},{\"from\":2000,\"to\":3000},{\"from\":3000,\"to\":4000},{\"from\":4000,\"to\":5000},{\"from\":7000,\"to\":null}],\"invertColors\":false,\"percentageMode\":false,\"valueAxes\":[{\"show\":false,\"id\":\"ValueAxis-1\",\"type\":\"value\",\"scale\":{\"type\":\"linear\",\"defaultYExtents\":true},\"labels\":{\"show\":false,\"rotate\":270,\"overwriteColor\":false,\"color\":\"#555\"}}]},\"aggs\":[{\"id\":\"1\",\"enabled\":true,\"type\":\"count\",\"schema\":\"metric\",\"params\":{}},{\"id\":\"2\",\"enabled\":true,\"type\":\"histogram\",\"schema\":\"segment\",\"params\":{\"field\":\"hour\",\"interval\":1,\"min_doc_count\":false,\"extended_bounds\":{}}},{\"id\":\"3\",\"enabled\":true,\"type\":\"histogram\",\"schema\":\"group\",\"params\":{\"field\":\"day\",\"interval\":1,\"min_doc_count\":false,\"extended_bounds\":{\"min\":0,\"max\":2}}}]}",
      "uiStateJSON": "{\"vis\":{\"defaultColors\":{\"3 - 592\":\"rgb(255,245,240)\",\"592 - 1.180\":\"rgb(254,228,216)\",\"1.180 - 1.769\":\"rgb(253,202,181)\",\"1.769 - 2.357\":\"rgb(252,171,142)\",\"2.357 - 2.945\":\"rgb(252,138,106)\",\"2.945 - 3.534\":\"rgb(251,106,74)\",\"3.534 - 4.122\":\"rgb(241,68,50)\",\"4.122 - 4.711\":\"rgb(217,38,35)\",\"4.711 - 5.299\":\"rgb(188,20,26)\",\"5.299 - 5.887\":\"rgb(152,12,19)\"},\"colors\":{\"3 - 592\":\"#FCEACA\",\"592 - 1.180\":\"#F9E2D2\",\"1.180 - 1.769\":\"#F9BA8F\"}}}",
      "description": "",
      "version": 1,
      "kibanaSavedObjectMeta": {
        "searchSourceJSON": "{\"index\":\"755f4660-bfee-11e8-9911-5b8e1e9c87c6\",\"filter\":[],\"query\":{\"language\":\"lucene\",\"query\":\"\"}}"
      }
    }
  }
]